first_name,last_name,email
Amy,Crawford,
Roy,Crawford,rcrawford1@mozilla.com
Carol,Harris,charris2@examiner.com
Gerald,Johnston,gjohnston3@mashable.com
Samuel,Stanley,sstanley4@blogtalkradio.com
Todd,Howard,thoward5@bloglines.com
Fred,Montgomery,fmontgomery6@tamu.edu
Christopher,Rogers,crogers7@edublogs.org
Justin,Fowler,jfowler8@cloudflare.com
Benjamin,Jacobs,bjacobs9@delicious.com
