id,first_name,last_name,email,gender,ip_address
1,Brian,Ward,bward0@usatoday.com,Male,44.45.174.113
2,Emily,Adams,eadams1@weebly.com,Female,249.238.155.121
3,Judith,Day,jday2@domainmarket.com,Female,161.63.66.51
4,Beverly,Miller,bmiller3@huffingtonpost.com,Female,43.83.69.93
5,Nicole,Howard,nhoward4@yellowbook.com,Female,249.254.118.152
6,Jesse,Harvey,jharvey5@epa.gov,Male,197.139.235.242
7,Albert,Weaver,aweaver6@sourceforge.net,Male,97.58.164.135
8,Christina,Reed,creed7@nyu.edu,Female,52.71.98.245
9,Sean,Brown,sbrown8@umn.edu,Male,240.206.48.185
10,Joshua,Nguyen,jnguyen9@latimes.com,Male,249.197.112.213
11,Raymond,Howell,rhowella@fema.gov,Male,87.61.60.146
12,Ann,Schmidt,aschmidtb@earthlink.net,Female,188.8.128.95
13,Jerry,Jordan,jjordanc@360.cn,Male,141.152.229.211
14,Janice,Murphy,jmurphyd@deviantart.com,Female,226.69.125.195
15,Bonnie,Watson,bwatsone@so-net.ne.jp,Female,255.221.244.35
16,Tammy,Mills,tmillsf@cisco.com,Female,115.19.202.182
17,James,Kelley,jkelleyg@cnet.com,Male,218.194.38.235
18,Joyce,Little,jlittleh@youtu.be,Female,43.100.93.84
19,Dorothy,Kennedy,dkennedyi@bluehost.com,Female,122.227.39.204
20,Helen,Montgomery,hmontgomeryj@nature.com,Female,157.85.58.115
21,Randy,Kelly,rkellyk@ovh.net,Male,203.188.188.245
22,Susan,Edwards,sedwardsl@bbc.co.uk,Female,254.96.116.47
23,Jessica,Richardson,jrichardsonm@homestead.com,Female,72.79.107.14
24,Jack,Bryant,jbryantn@seesaa.net,Male,100.194.87.102
25,Joe,Thomas,jthomaso@naver.com,Male,190.40.153.70
26,Ernest,Marshall,emarshallp@ameblo.jp,Male,85.67.36.31
27,Pamela,Hunter,phunterq@nature.com,Female,9.211.104.232
28,Donna,Turner,dturnerr@techcrunch.com,Female,3.168.154.24
29,Diana,Wheeler,dwheelers@howstuffworks.com,Female,194.78.57.213
30,Brian,Wells,bwellst@twitter.com,Male,4.22.248.211
31,Amanda,Barnes,abarnesu@over-blog.com,Female,24.51.132.69
32,Donna,Hanson,dhansonv@clickbank.net,Female,211.149.168.64
33,Sandra,Franklin,sfranklinw@howstuffworks.com,Female,237.115.8.102
34,Nicholas,Barnes,nbarnesx@mail.ru,Male,200.205.65.157
35,Kathleen,Rivera,kriveray@clickbank.net,Female,91.17.216.88
36,Matthew,Ruiz,mruizz@moonfruit.com,Male,99.128.82.244
37,Martha,Gonzales,mgonzales10@chronoengine.com,Female,188.203.84.53
38,Bonnie,Roberts,broberts11@bravesites.com,Female,107.223.8.145
39,Randy,Hudson,rhudson12@apple.com,Male,153.115.160.112
40,Joseph,Lawrence,jlawrence13@tmall.com,Male,15.6.46.54
41,Gloria,Foster,gfoster14@ycombinator.com,Female,198.166.214.25
42,Rebecca,Hunter,rhunter15@free.fr,Female,64.109.68.172
43,Harold,Long,hlong16@timesonline.co.uk,Male,205.183.216.120
44,Gary,Harvey,gharvey17@wikispaces.com,Male,219.33.89.194
45,Ruby,Lewis,rlewis18@nifty.com,Female,87.69.44.95
46,Raymond,Campbell,rcampbell19@seattletimes.com,Male,29.15.84.20
47,Martha,Sanders,msanders1a@jigsy.com,Female,14.45.161.216
48,Roger,Evans,revans1b@telegraph.co.uk,Male,116.213.115.251
49,Andrea,Jenkins,ajenkins1c@simplemachines.org,Female,41.144.64.191
50,Louis,Young,lyoung1d@dailymotion.com,Male,30.31.15.157
51,Samuel,Nelson,snelson1e@discovery.com,Male,98.230.83.87
52,Marie,Mason,mmason1f@liveinternet.ru,Female,180.108.42.69
53,Carlos,Ruiz,cruiz1g@ihg.com,Male,102.54.187.134
54,Lori,Collins,lcollins1h@jigsy.com,Female,138.156.101.105
55,Daniel,Wallace,dwallace1i@dell.com,Male,220.110.107.207
56,Mildred,Palmer,mpalmer1j@ezinearticles.com,Female,201.9.204.17
57,Nancy,Thomas,nthomas1k@webmd.com,Female,241.105.133.114
58,William,Gray,wgray1l@va.gov,Male,213.110.23.189
59,Carol,Green,cgreen1m@lulu.com,Female,59.102.0.180
60,Diane,Hudson,dhudson1n@freewebs.com,Female,156.97.248.13
61,Annie,Collins,acollins1o@amazon.co.jp,Female,128.232.188.85
62,Arthur,Price,aprice1p@godaddy.com,Male,255.88.153.148
63,Joseph,Webb,jwebb1q@51.la,Male,177.222.157.133
64,Helen,West,hwest1r@xing.com,Female,73.161.220.157
65,Ronald,Meyer,rmeyer1s@phpbb.com,Male,0.71.101.176
66,Joseph,Price,jprice1t@howstuffworks.com,Male,168.224.123.245
67,Katherine,Frazier,kfrazier1u@sphinn.com,Female,217.112.28.216
68,Rose,Kelly,rkelly1v@alibaba.com,Female,205.197.192.116
69,Judy,Murray,jmurray1w@hao123.com,Female,7.53.114.193
70,Ann,Adams,aadams1x@irs.gov,Female,12.169.15.77
71,Jack,Griffin,jgriffin1y@mayoclinic.com,Male,182.73.37.163
72,Karen,Brown,kbrown1z@ow.ly,Female,170.120.15.67
73,Timothy,Wilson,twilson20@intel.com,Male,76.69.47.41
74,Ann,Thomas,athomas21@vk.com,Female,80.56.80.144
75,Juan,Morales,jmorales22@hatena.ne.jp,Male,83.95.76.107
76,Carolyn,Wells,cwells23@naver.com,Female,196.165.10.71
77,Barbara,Price,bprice24@tinyurl.com,Female,197.147.101.59
78,Michael,Mitchell,mmitchell25@networksolutions.com,Male,120.158.122.168
79,Adam,Green,agreen26@cnet.com,Male,41.30.65.193
80,Carol,Hunt,chunt27@github.com,Female,187.56.210.95
81,Shawn,Arnold,sarnold28@vk.com,Male,139.129.169.61
82,Cynthia,Ruiz,cruiz29@flickr.com,Female,102.68.255.178
83,Carl,Stewart,cstewart2a@google.ca,Male,207.131.12.190
84,Theresa,Carter,tcarter2b@yahoo.com,Female,235.172.118.145
85,Jason,Gonzales,jgonzales2c@elpais.com,Male,129.85.225.235
86,Rebecca,Hansen,rhansen2d@godaddy.com,Female,59.169.28.15
87,George,Nguyen,gnguyen2e@cargocollective.com,Male,179.50.203.121
88,Antonio,Sanders,asanders2f@github.com,Male,57.27.181.36
89,Katherine,Day,kday2g@surveymonkey.com,Female,166.224.11.248
90,Kimberly,Dixon,kdixon2h@go.com,Female,174.38.78.143
91,Judith,Snyder,jsnyder2i@wikipedia.org,Female,203.103.40.48
92,Clarence,Austin,caustin2j@mayoclinic.com,Male,86.48.66.11
93,Jennifer,Lynch,jlynch2k@prnewswire.com,Female,82.31.184.6
94,Jane,Carr,jcarr2l@paypal.com,Female,59.98.4.112
95,Debra,Bailey,dbailey2m@tamu.edu,Female,191.85.27.149
96,Judy,Hughes,jhughes2n@cnet.com,Female,92.22.27.11
97,Matthew,Ray,mray2o@bravesites.com,Male,55.10.125.250
98,Elizabeth,Webb,ewebb2p@huffingtonpost.com,Female,119.46.79.226
99,Jonathan,Oliver,joliver2q@mozilla.com,Male,146.181.236.229
100,Fred,Hanson,fhanson2r@about.com,Male,197.240.174.172
