id,first_name,last_name,email,gender,ip_address
1,Jason,Riley,jriley0@ustream.tv,Male,69.2.200.73
2,Dorothy,Ray,dray1@businessweek.com,Female,148.171.13.149
3,Dorothy,Chapman,dchapman2@about.me,Female,127.248.64.138
4,Janet,Snyder,jsnyder3@weebly.com,Female,188.229.151.75
5,Arthur,Wheeler,awheeler4@prnewswire.com,Male,222.176.239.134
6,Janet,Larson,jlarson5@ovh.net,Female,134.117.199.149
7,Joshua,Willis,jwillis6@latimes.com,Male,86.221.135.228
8,Steve,Roberts,sroberts7@xing.com,Male,116.59.66.185
9,Amanda,Simpson,asimpson8@tuttocitta.it,Female,57.5.128.202
10,Beverly,King,bking9@plala.or.jp,Female,146.219.109.103
11,Stephen,Hunter,shuntera@webnode.com,Male,13.8.161.76
12,Wayne,Reyes,wreyesb@marriott.com,Male,228.159.191.184
13,Jonathan,Simmons,jsimmonsc@independent.co.uk,Male,237.144.197.78
14,Denise,Tucker,dtuckerd@google.ru,Female,63.213.139.99
15,Adam,Palmer,apalmere@unicef.org,Male,182.247.227.221
16,Richard,Long,rlongf@nyu.edu,Male,206.96.39.18
17,Samuel,Miller,smillerg@vistaprint.com,Male,14.48.131.79
18,Michelle,Ruiz,mruizh@icq.com,Female,186.40.241.144
19,Christopher,Sims,csimsi@moonfruit.com,Male,241.86.123.200
20,Tina,Jordan,tjordanj@sfgate.com,Female,156.3.174.59
21,Deborah,Larson,dlarsonk@bbb.org,Female,78.171.118.186
22,Andrew,Hunter,ahunterl@tripadvisor.com,Male,133.43.177.212
23,Dorothy,Anderson,dandersonm@g.co,Female,97.227.185.163
24,Roger,Payne,rpaynen@google.com.au,Male,107.179.33.39
25,Juan,Murray,jmurrayo@t-online.de,Male,203.214.41.108
26,Clarence,Gonzalez,cgonzalezp@parallels.com,Male,200.229.113.54
27,Lawrence,Boyd,lboydq@washington.edu,Male,27.157.43.150
28,Brian,Arnold,barnoldr@goodreads.com,Male,60.154.107.239
29,Jeffrey,Dixon,jdixons@163.com,Male,53.59.144.64
30,Joshua,Woods,jwoodst@cnbc.com,Male,198.115.168.122
31,Howard,Stone,hstoneu@ocn.ne.jp,Male,183.136.194.175
32,Andrew,Gray,agrayv@soundcloud.com,Male,202.206.48.53
33,Donna,Walker,dwalkerw@kickstarter.com,Female,99.128.106.141
34,Joe,Wheeler,jwheelerx@craigslist.org,Male,119.112.104.138
35,Edward,Howard,ehowardy@arstechnica.com,Male,59.182.189.218
36,Annie,Bailey,abaileyz@smh.com.au,Female,242.227.28.156
37,Brian,Gomez,bgomez10@dion.ne.jp,Male,118.7.25.212
38,Frances,Austin,faustin11@icq.com,Female,98.225.59.6
39,Carol,Woods,cwoods12@lycos.com,Female,88.102.138.200
40,Marie,Bailey,mbailey13@123-reg.co.uk,Female,169.53.46.129
41,Gregory,Dixon,gdixon14@abc.net.au,Male,10.240.255.40
42,Joseph,Carpenter,jcarpenter15@github.com,Male,112.147.184.191
43,Richard,Kelly,rkelly16@redcross.org,Male,253.30.33.244
44,George,Russell,grussell17@ibm.com,Male,38.222.64.174
45,Gerald,Burns,gburns18@si.edu,Male,193.189.53.2
46,Irene,Howell,ihowell19@shareasale.com,Female,239.94.83.82
47,Clarence,Evans,cevans1a@amazon.co.uk,Male,162.156.213.103
48,Susan,Hanson,shanson1b@mayoclinic.com,Female,197.241.150.180
49,Sarah,Thomas,sthomas1c@odnoklassniki.ru,Female,208.228.236.153
50,Nicole,Gonzales,ngonzales1d@amazonaws.com,Female,167.29.129.144
51,Theresa,Patterson,tpatterson1e@ifeng.com,Female,47.254.120.7
52,Nancy,Harrison,nharrison1f@dot.gov,Female,105.20.62.147
53,Donald,Robinson,drobinson1g@booking.com,Male,94.23.99.229
54,Teresa,Bell,tbell1h@usnews.com,Female,155.9.223.221
55,Jane,Bishop,jbishop1i@nhs.uk,Female,203.31.224.72
56,Walter,Brown,wbrown1j@earthlink.net,Male,42.210.252.45
57,Ralph,Sanchez,rsanchez1k@sfgate.com,Male,165.232.37.212
58,Roger,Howard,rhoward1l@msn.com,Male,95.163.115.155
59,Phyllis,Nelson,pnelson1m@bbc.co.uk,Female,172.36.63.133
60,Ronald,Chavez,rchavez1n@eepurl.com,Male,75.58.214.81
61,Tammy,Burke,tburke1o@macromedia.com,Female,66.100.165.185
62,Teresa,Nguyen,tnguyen1p@jigsy.com,Female,74.201.134.31
63,Anthony,Stone,astone1q@hubpages.com,Male,73.10.97.10
64,Steve,Schmidt,sschmidt1r@typepad.com,Male,87.168.196.85
65,Brian,Bennett,bbennett1s@godaddy.com,Male,222.27.113.40
66,Laura,Olson,lolson1t@wikia.com,Female,17.234.36.230
67,Donna,Payne,dpayne1u@webeden.co.uk,Female,81.251.126.179
68,Julia,Dunn,jdunn1v@bing.com,Female,145.232.152.122
69,Sarah,Spencer,sspencer1w@biblegateway.com,Female,179.46.67.22
70,Debra,Lopez,dlopez1x@lulu.com,Female,165.99.230.219
71,Randy,Simpson,rsimpson1y@google.co.jp,Male,230.108.238.94
72,Deborah,Fisher,dfisher1z@joomla.org,Female,82.126.158.193
73,Pamela,Hansen,phansen20@last.fm,Female,109.184.184.192
74,Joe,Kelley,jkelley21@earthlink.net,Male,126.122.93.62
75,Ruby,Hernandez,rhernandez22@purevolume.com,Female,94.154.98.200
76,Karen,Andrews,kandrews23@slideshare.net,Female,24.104.16.49
77,Stephen,Stone,sstone24@bloomberg.com,Male,86.42.39.35
78,Maria,Bishop,mbishop25@freewebs.com,Female,214.210.234.84
79,Mary,Arnold,marnold26@zimbio.com,Female,212.197.226.207
80,Evelyn,Palmer,epalmer27@noaa.gov,Female,121.38.118.137
81,Judy,Lane,jlane28@ft.com,Female,149.75.145.132
82,Rachel,Torres,rtorres29@intel.com,Female,224.222.179.154
83,Stephen,Fox,sfox2a@dion.ne.jp,Male,234.223.88.223
84,Linda,Kennedy,lkennedy2b@census.gov,Female,112.36.214.14
85,Harold,Ramos,hramos2c@techcrunch.com,Male,114.18.68.6
86,Ryan,Nelson,rnelson2d@blogspot.com,Male,255.125.17.201
87,Virginia,Elliott,velliott2e@jugem.jp,Female,234.46.220.50
88,Gerald,Roberts,groberts2f@paginegialle.it,Male,249.59.63.6
89,Donald,Brooks,dbrooks2g@macromedia.com,Male,128.38.66.138
90,Janet,Miller,jmiller2h@squidoo.com,Female,162.220.131.61
91,Lawrence,Garcia,lgarcia2i@flavors.me,Male,76.235.59.222
92,Andrew,Peterson,apeterson2j@ox.ac.uk,Male,188.137.51.212
93,Deborah,Butler,dbutler2k@t-online.de,Female,1.98.9.213
94,Julia,Stewart,jstewart2l@xinhuanet.com,Female,93.183.130.245
95,Roger,Stewart,rstewart2m@sun.com,Male,162.154.132.7
96,Kimberly,Rodriguez,krodriguez2n@chronoengine.com,Female,99.216.99.102
97,Wayne,Brown,wbrown2o@redcross.org,Male,181.6.251.184
98,Patricia,Hernandez,phernandez2p@barnesandnoble.com,Female,120.9.223.39
99,Doris,Edwards,dedwards2q@examiner.com,Female,242.30.170.162
100,Willie,Carpenter,wcarpenter2r@reverbnation.com,Male,151.116.175.29
101,Wanda,King,wking2s@gravatar.com,Female,223.58.101.93
102,Katherine,Henry,khenry2t@tinypic.com,Female,218.62.71.7
103,Adam,Burton,aburton2u@xrea.com,Male,80.181.73.154
104,George,Barnes,gbarnes2v@pen.io,Male,46.132.82.192
105,Peter,Gutierrez,pgutierrez2w@indiegogo.com,Male,185.114.15.224
106,Stephanie,Rivera,srivera2x@google.co.jp,Female,213.16.37.112
107,Raymond,Long,rlong2y@wufoo.com,Male,54.85.98.192
108,Carl,Dixon,cdixon2z@twitpic.com,Male,199.36.93.170
109,Paula,Jenkins,pjenkins30@mozilla.com,Female,99.163.133.227
110,Pamela,West,pwest31@nifty.com,Female,104.16.155.70
111,David,Weaver,dweaver32@apple.com,Male,3.198.208.31
112,Beverly,Reynolds,breynolds33@msu.edu,Female,215.64.182.206
113,Debra,Mcdonald,dmcdonald34@blogger.com,Female,211.131.0.250
114,Ryan,Chavez,rchavez35@tmall.com,Male,83.247.234.24
115,Martin,Greene,mgreene36@istockphoto.com,Male,35.103.214.173
116,Mark,Simpson,msimpson37@bloomberg.com,Male,62.147.12.21
117,Tina,Oliver,toliver38@issuu.com,Female,123.58.62.187
118,Andrew,Barnes,abarnes39@mtv.com,Male,63.177.206.13
119,Stephen,Bowman,sbowman3a@europa.eu,Male,109.197.34.186
120,Margaret,Romero,mromero3b@ucoz.com,Female,34.78.1.51
121,Lisa,Stewart,lstewart3c@yellowpages.com,Female,181.106.104.89
122,Jerry,Black,jblack3d@columbia.edu,Male,137.60.183.102
123,James,Allen,jallen3e@godaddy.com,Male,120.68.125.87
124,Kevin,Berry,kberry3f@sourceforge.net,Male,159.95.101.47
125,Carol,Flores,cflores3g@hibu.com,Female,103.164.245.124
126,Brandon,Webb,bwebb3h@twitpic.com,Male,9.174.48.247
127,Christina,Welch,cwelch3i@google.com.au,Female,82.65.20.102
128,Jerry,Bishop,jbishop3j@illinois.edu,Male,37.181.59.206
129,Nicole,Mcdonald,nmcdonald3k@gizmodo.com,Female,43.18.11.38
130,John,Kennedy,jkennedy3l@nymag.com,Male,65.227.238.244
131,Kathleen,Brown,kbrown3m@loc.gov,Female,198.60.39.114
132,Robin,Turner,rturner3n@i2i.jp,Female,193.124.147.45
133,Billy,Sanchez,bsanchez3o@huffingtonpost.com,Male,160.173.87.92
134,Norma,Williamson,nwilliamson3p@merriam-webster.com,Female,143.246.142.120
135,Carolyn,Miller,cmiller3q@mapquest.com,Female,24.67.18.125
136,Aaron,Boyd,aboyd3r@domainmarket.com,Male,147.74.45.186
137,Diana,Butler,dbutler3s@youtube.com,Female,150.89.84.72
138,Donald,Bennett,dbennett3t@ezinearticles.com,Male,131.66.216.102
139,Karen,Shaw,kshaw3u@gizmodo.com,Female,246.176.71.159
140,Pamela,Willis,pwillis3v@weebly.com,Female,128.187.235.131
141,Betty,Moreno,bmoreno3w@merriam-webster.com,Female,84.229.28.80
142,Steve,Jones,sjones3x@blogs.com,Male,229.23.118.63
143,Matthew,Morgan,mmorgan3y@sciencedirect.com,Male,231.222.61.25
144,Janet,White,jwhite3z@delicious.com,Female,9.170.126.166
145,Marilyn,Gray,mgray40@istockphoto.com,Female,101.232.74.8
146,Charles,Watson,cwatson41@illinois.edu,Male,36.60.225.18
147,Deborah,Cole,dcole42@examiner.com,Female,241.206.27.209
148,Joyce,Powell,jpowell43@oaic.gov.au,Female,209.226.91.161
149,Lois,Peters,lpeters44@merriam-webster.com,Female,175.166.134.158
150,Ruth,Stewart,rstewart45@etsy.com,Female,214.17.42.153
151,Edward,Woods,ewoods46@stanford.edu,Male,71.96.186.248
152,Martin,Watson,mwatson47@mtv.com,Male,58.79.88.139
153,Norma,Hill,nhill48@t-online.de,Female,45.21.188.199
154,Jeremy,Scott,jscott49@hud.gov,Male,243.154.65.58
155,Jason,Hanson,jhanson4a@nyu.edu,Male,240.77.166.220
156,Anne,Dean,adean4b@jimdo.com,Female,25.94.74.130
157,Billy,Montgomery,bmontgomery4c@umn.edu,Male,208.21.156.246
158,Billy,Lane,blane4d@dedecms.com,Male,153.131.197.3
159,Heather,Gardner,hgardner4e@amazon.co.jp,Female,173.142.147.122
160,Janet,Harrison,jharrison4f@hubpages.com,Female,244.0.249.111
161,Pamela,Little,plittle4g@yolasite.com,Female,77.64.248.110
162,Anthony,Harper,aharper4h@macromedia.com,Male,184.41.92.57
163,Karen,Stone,kstone4i@shutterfly.com,Female,99.8.136.7
164,Albert,Sanders,asanders4j@shareasale.com,Male,150.214.49.92
165,Wayne,Adams,wadams4k@myspace.com,Male,243.172.188.79
166,Sarah,Riley,sriley4l@sphinn.com,Female,64.139.25.107
167,Nancy,Hart,nhart4m@lulu.com,Female,91.43.73.26
168,Gary,Harrison,gharrison4n@techcrunch.com,Male,197.44.53.19
169,Joyce,Berry,jberry4o@deviantart.com,Female,89.37.145.162
170,Frances,Carpenter,fcarpenter4p@w3.org,Female,190.30.2.109
171,Patricia,Kim,pkim4q@myspace.com,Female,186.249.184.180
172,Jeffrey,Robinson,jrobinson4r@google.ru,Male,36.83.20.85
173,Jesse,Willis,jwillis4s@cam.ac.uk,Male,126.217.212.158
174,Katherine,Carroll,kcarroll4t@theguardian.com,Female,132.246.217.255
175,Ronald,Patterson,rpatterson4u@adobe.com,Male,30.17.134.252
176,Kathryn,Howard,khoward4v@networkadvertising.org,Female,235.190.240.229
177,Roy,Burns,rburns4w@ebay.com,Male,250.206.237.7
178,Teresa,Fields,tfields4x@sakura.ne.jp,Female,203.176.45.219
179,Nicole,Reynolds,nreynolds4y@dyndns.org,Female,67.68.8.171
180,Ruby,Frazier,rfrazier4z@prweb.com,Female,201.203.239.219
181,Pamela,Anderson,panderson50@cloudflare.com,Female,68.57.176.93
182,Cynthia,Stewart,cstewart51@ucla.edu,Female,127.210.154.102
183,Roy,Martin,rmartin52@smugmug.com,Male,173.227.192.236
184,Sean,Medina,smedina53@ning.com,Male,60.14.193.209
185,Henry,Peters,hpeters54@fema.gov,Male,47.21.159.20
186,Jonathan,Smith,jsmith55@gravatar.com,Male,118.177.181.55
187,Jeffrey,Ward,jward56@blog.com,Male,230.144.176.192
188,Steven,Russell,srussell57@theglobeandmail.com,Male,2.193.125.3
189,Gary,Meyer,gmeyer58@skyrock.com,Male,85.84.129.104
190,Joshua,Rice,jrice59@fc2.com,Male,195.163.75.220
191,Henry,Nguyen,hnguyen5a@mashable.com,Male,4.44.186.235
192,Barbara,Richardson,brichardson5b@dailymotion.com,Female,75.217.102.207
193,Kimberly,Perry,kperry5c@springer.com,Female,161.191.80.42
194,Juan,Stanley,jstanley5d@networksolutions.com,Male,255.25.168.224
195,David,Powell,dpowell5e@goo.gl,Male,145.36.166.165
196,Judith,Lynch,jlynch5f@geocities.jp,Female,79.163.106.84
197,Bonnie,Harris,bharris5g@nih.gov,Female,255.59.77.212
198,Robert,Fisher,rfisher5h@bbb.org,Male,12.178.67.111
199,Janet,Ward,jward5i@google.nl,Female,0.214.74.133
200,Angela,Phillips,aphillips5j@youku.com,Female,219.169.53.240
201,Jonathan,West,jwest5k@ebay.com,Male,94.148.192.103
202,Louise,Williams,lwilliams5l@studiopress.com,Female,115.79.91.198
203,Ronald,Ferguson,rferguson5m@hibu.com,Male,196.126.149.206
204,Kathy,Hughes,khughes5n@nyu.edu,Female,136.107.143.133
205,Steven,Sullivan,ssullivan5o@miibeian.gov.cn,Male,86.246.222.177
206,Julia,Roberts,jroberts5p@shutterfly.com,Female,143.97.97.7
207,Evelyn,Little,elittle5q@vkontakte.ru,Female,132.135.187.134
208,Larry,Williams,lwilliams5r@boston.com,Male,114.216.64.248
209,John,Griffin,jgriffin5s@google.co.jp,Male,224.68.86.25
210,Angela,Henry,ahenry5t@altervista.org,Female,46.109.213.254
211,Anna,Turner,aturner5u@shinystat.com,Female,73.101.105.179
212,Walter,Hamilton,whamilton5v@diigo.com,Male,57.208.111.16
213,Michelle,Stevens,mstevens5w@cdbaby.com,Female,33.146.228.241
214,Anthony,Castillo,acastillo5x@booking.com,Male,254.222.238.219
215,Adam,Bell,abell5y@npr.org,Male,239.149.121.16
216,Anne,Schmidt,aschmidt5z@nifty.com,Female,24.234.242.59
217,Martha,Morales,mmorales60@reuters.com,Female,253.166.242.56
218,Charles,Jordan,cjordan61@yandex.ru,Male,115.64.81.33
219,Albert,Fernandez,afernandez62@bigcartel.com,Male,213.140.82.8
220,Virginia,Cooper,vcooper63@noaa.gov,Female,130.132.217.76
221,Christopher,Brown,cbrown64@state.gov,Male,211.225.117.170
222,Aaron,Payne,apayne65@tamu.edu,Male,158.182.170.77
223,Theresa,Warren,twarren66@stumbleupon.com,Female,176.200.97.104
224,Cynthia,Robinson,crobinson67@gov.uk,Female,163.74.225.83
225,Albert,Wood,awood68@dell.com,Male,252.151.213.254
226,Bobby,Frazier,bfrazier69@mysql.com,Male,193.17.56.115
227,Jason,Butler,jbutler6a@soundcloud.com,Male,28.58.101.227
228,Judith,Mitchell,jmitchell6b@nyu.edu,Female,152.127.151.164
229,Frances,Bryant,fbryant6c@paypal.com,Female,148.254.137.144
230,Scott,Daniels,sdaniels6d@vistaprint.com,Male,143.120.11.137
231,Juan,Dixon,jdixon6e@nydailynews.com,Male,89.169.187.222
232,Dennis,Harris,dharris6f@alexa.com,Male,239.240.68.236
233,Todd,Lynch,tlynch6g@ebay.com,Male,152.108.51.189
234,Michelle,Ortiz,mortiz6h@dagondesign.com,Female,54.82.254.149
235,Angela,Mendoza,amendoza6i@economist.com,Female,13.61.49.197
236,Laura,Webb,lwebb6j@howstuffworks.com,Female,116.27.51.185
237,Raymond,Duncan,rduncan6k@blogs.com,Male,233.81.250.249
238,Thomas,Henderson,thenderson6l@tamu.edu,Male,30.95.101.142
239,Louise,Ross,lross6m@boston.com,Female,173.40.171.229
240,Irene,Butler,ibutler6n@wsj.com,Female,41.208.132.242
241,Charles,Hansen,chansen6o@flavors.me,Male,158.55.50.121
242,Patrick,Torres,ptorres6p@digg.com,Male,135.88.62.115
243,Emily,Woods,ewoods6q@senate.gov,Female,101.252.158.167
244,Bobby,Lawrence,blawrence6r@china.com.cn,Male,11.224.84.73
245,Ann,Dean,adean6s@dion.ne.jp,Female,85.152.28.143
246,Gerald,Ferguson,gferguson6t@unicef.org,Male,204.134.149.177
247,Craig,Stanley,cstanley6u@cnbc.com,Male,39.136.169.85
248,Shirley,Carpenter,scarpenter6v@dropbox.com,Female,63.92.102.23
249,Gloria,Welch,gwelch6w@vistaprint.com,Female,103.61.156.70
250,Adam,Foster,afoster6x@liveinternet.ru,Male,7.15.176.99
251,Martin,Hall,mhall6y@europa.eu,Male,117.0.75.83
252,Janice,Little,jlittle6z@hatena.ne.jp,Female,8.78.188.25
253,Douglas,Gonzales,dgonzales70@mozilla.com,Male,204.35.183.83
254,Katherine,Rose,krose71@boston.com,Female,29.17.63.234
255,Alan,Hughes,ahughes72@ovh.net,Male,194.175.255.195
256,Deborah,Gutierrez,dgutierrez73@nyu.edu,Female,212.245.65.214
257,Gary,Lynch,glynch74@desdev.cn,Male,84.2.170.70
258,Sarah,Stephens,sstephens75@ameblo.jp,Female,83.85.49.145
259,Marie,Chapman,mchapman76@japanpost.jp,Female,61.154.246.15
260,Charles,Black,cblack77@pcworld.com,Male,161.80.160.229
261,Kenneth,Lee,klee78@furl.net,Male,171.99.153.115
262,Teresa,Adams,tadams79@census.gov,Female,93.65.144.222
263,Doris,Mitchell,dmitchell7a@imdb.com,Female,47.95.83.202
264,Marilyn,Richards,mrichards7b@fastcompany.com,Female,157.251.250.92
265,Alan,Webb,awebb7c@a8.net,Male,26.52.19.85
266,Dorothy,Arnold,darnold7d@xrea.com,Female,123.215.185.97
267,Wanda,Johnston,wjohnston7e@squidoo.com,Female,123.216.202.231
268,Rose,Harper,rharper7f@pcworld.com,Female,127.223.96.11
269,James,Holmes,jholmes7g@skyrock.com,Male,207.2.78.126
270,Janice,Bowman,jbowman7h@1und1.de,Female,12.155.244.160
271,Barbara,Cole,bcole7i@privacy.gov.au,Female,77.28.105.239
272,Justin,Morales,jmorales7j@github.com,Male,225.144.178.191
273,Kevin,Meyer,kmeyer7k@mediafire.com,Male,12.246.86.30
274,Phillip,Hunt,phunt7l@webmd.com,Male,87.45.220.196
275,Joseph,Wagner,jwagner7m@dion.ne.jp,Male,70.65.115.234
276,Brenda,Lee,blee7n@trellian.com,Female,36.27.71.234
277,Marie,Mendoza,mmendoza7o@baidu.com,Female,38.23.94.226
278,Chris,Hicks,chicks7p@oakley.com,Male,155.45.114.163
279,Martin,Washington,mwashington7q@jimdo.com,Male,97.87.26.141
280,Judith,Campbell,jcampbell7r@globo.com,Female,73.107.56.1
281,Deborah,Lewis,dlewis7s@xrea.com,Female,81.28.124.184
282,William,Simpson,wsimpson7t@nih.gov,Male,42.61.60.216
283,Diane,Chavez,dchavez7u@altervista.org,Female,78.78.41.166
284,Anne,Evans,aevans7v@theguardian.com,Female,147.148.105.10
285,Mark,Franklin,mfranklin7w@deliciousdays.com,Male,6.230.58.152
286,Anthony,Castillo,acastillo7x@cisco.com,Male,38.53.149.69
287,Jose,Martinez,jmartinez7y@php.net,Male,254.20.198.57
288,Andrew,Morris,amorris7z@g.co,Male,162.96.200.254
289,Jennifer,Jacobs,jjacobs80@bluehost.com,Female,189.199.171.11
290,Philip,Simmons,psimmons81@digg.com,Male,223.251.239.4
291,Lillian,George,lgeorge82@sun.com,Female,118.194.249.108
292,Christine,Jacobs,cjacobs83@businessinsider.com,Female,141.200.220.82
293,Marie,Sanchez,msanchez84@mit.edu,Female,229.13.22.111
294,Lawrence,Roberts,lroberts85@discuz.net,Male,18.193.227.130
295,Terry,Freeman,tfreeman86@bravesites.com,Male,187.37.134.16
296,Rebecca,Cruz,rcruz87@goo.ne.jp,Female,223.147.79.41
297,Ruby,Lewis,rlewis88@independent.co.uk,Female,216.6.250.52
298,Kimberly,Johnston,kjohnston89@disqus.com,Female,64.156.57.215
299,Elizabeth,Sanders,esanders8a@spotify.com,Female,141.10.144.246
300,Nicole,Vasquez,nvasquez8b@mashable.com,Female,186.192.110.43
301,Arthur,Sullivan,asullivan8c@dot.gov,Male,161.12.41.108
302,Steven,Harrison,sharrison8d@businesswire.com,Male,30.185.122.161
303,Craig,Romero,cromero8e@forbes.com,Male,143.153.69.190
304,Ryan,Fox,rfox8f@deliciousdays.com,Male,33.40.113.39
305,Phillip,Moreno,pmoreno8g@t-online.de,Male,136.126.115.96
306,William,Reed,wreed8h@yahoo.co.jp,Male,252.170.25.249
307,Roy,Rogers,rrogers8i@buzzfeed.com,Male,139.204.74.199
308,Donna,Warren,dwarren8j@w3.org,Female,178.138.138.104
309,Ashley,Payne,apayne8k@facebook.com,Female,249.25.35.106
310,David,Collins,dcollins8l@stanford.edu,Male,84.81.115.204
311,Donna,Mendoza,dmendoza8m@skyrock.com,Female,142.39.73.184
312,Brenda,Greene,bgreene8n@dell.com,Female,174.78.70.242
313,Joe,Rice,jrice8o@amazon.co.jp,Male,230.227.205.134
314,Catherine,Patterson,cpatterson8p@sourceforge.net,Female,114.80.159.165
315,Todd,Dixon,tdixon8q@list-manage.com,Male,144.82.206.32
316,Harry,Rodriguez,hrodriguez8r@indiegogo.com,Male,186.233.191.77
317,Thomas,Rice,trice8s@tripod.com,Male,210.21.151.12
318,Kathryn,Cunningham,kcunningham8t@indiatimes.com,Female,47.126.193.131
319,Marie,Morales,mmorales8u@cnbc.com,Female,93.47.254.123
320,Benjamin,Reed,breed8v@nhs.uk,Male,10.234.27.1
321,Mildred,Gilbert,mgilbert8w@mozilla.com,Female,189.162.84.24
322,Diane,Harris,dharris8x@posterous.com,Female,199.228.108.104
323,Lisa,Palmer,lpalmer8y@toplist.cz,Female,75.158.156.226
324,Jacqueline,Matthews,jmatthews8z@nsw.gov.au,Female,246.135.216.95
325,Larry,Sims,lsims90@narod.ru,Male,127.44.124.229
326,Christina,Welch,cwelch91@pagesperso-orange.fr,Female,246.133.17.101
327,Fred,Cole,fcole92@purevolume.com,Male,120.228.124.233
328,Rose,Arnold,rarnold93@1688.com,Female,57.66.159.85
329,Matthew,Jones,mjones94@a8.net,Male,179.50.160.109
330,Brian,Fox,bfox95@ucoz.com,Male,252.14.242.21
331,Elizabeth,Warren,ewarren96@ted.com,Female,96.245.219.69
332,Frances,Rodriguez,frodriguez97@bluehost.com,Female,109.112.36.106
333,Sharon,Gibson,sgibson98@phoca.cz,Female,122.24.235.97
334,Mary,Myers,mmyers99@guardian.co.uk,Female,48.27.57.144
335,Stephanie,Graham,sgraham9a@clickbank.net,Female,90.112.38.206
336,Jason,Morrison,jmorrison9b@meetup.com,Male,135.73.176.196
337,Denise,Hudson,dhudson9c@boston.com,Female,213.114.140.181
338,Jennifer,Simmons,jsimmons9d@blogspot.com,Female,182.54.139.205
339,Johnny,Washington,jwashington9e@epa.gov,Male,136.123.251.41
340,Deborah,Jacobs,djacobs9f@weather.com,Female,67.181.51.61
341,Kelly,Murphy,kmurphy9g@si.edu,Female,243.8.156.192
342,Linda,Edwards,ledwards9h@comsenz.com,Female,242.239.75.203
343,Stephen,King,sking9i@blogtalkradio.com,Male,96.146.84.182
344,Larry,Boyd,lboyd9j@chicagotribune.com,Male,57.138.159.183
345,Ann,Elliott,aelliott9k@flickr.com,Female,217.140.170.81
346,Willie,Schmidt,wschmidt9l@youku.com,Male,123.219.90.51
347,Elizabeth,Garrett,egarrett9m@ed.gov,Female,106.207.37.118
348,Jose,Ortiz,jortiz9n@sakura.ne.jp,Male,159.19.18.124
349,Charles,Schmidt,cschmidt9o@yale.edu,Male,88.170.197.149
350,Stephanie,Cole,scole9p@macromedia.com,Female,18.27.95.77
351,Janet,Harvey,jharvey9q@nifty.com,Female,37.51.142.252
352,Ashley,Anderson,aanderson9r@sakura.ne.jp,Female,92.101.65.227
353,Joshua,Carpenter,jcarpenter9s@clickbank.net,Male,104.113.147.14
354,Carol,Morgan,cmorgan9t@icq.com,Female,111.205.155.238
355,Catherine,Myers,cmyers9u@oaic.gov.au,Female,136.160.26.245
356,Christina,Tucker,ctucker9v@hostgator.com,Female,11.221.124.133
357,Joseph,Gray,jgray9w@stumbleupon.com,Male,162.116.118.150
358,Debra,Walker,dwalker9x@bbc.co.uk,Female,101.171.152.74
359,Mark,Torres,mtorres9y@is.gd,Male,13.6.220.87
360,Shawn,Garcia,sgarcia9z@gnu.org,Male,9.190.175.145
361,Marie,Perkins,mperkinsa0@amazonaws.com,Female,185.208.64.84
362,Aaron,Murphy,amurphya1@timesonline.co.uk,Male,34.190.24.171
363,Ryan,Greene,rgreenea2@mapy.cz,Male,175.10.77.138
364,Steve,Wright,swrighta3@instagram.com,Male,47.202.208.114
365,Samuel,Bennett,sbennetta4@bloomberg.com,Male,231.3.224.223
366,Dennis,Young,dyounga5@buzzfeed.com,Male,93.16.46.219
367,Lisa,Stewart,lstewarta6@behance.net,Female,181.86.241.182
368,Doris,Brown,dbrowna7@360.cn,Female,134.104.142.133
369,Janet,Jackson,jjacksona8@sfgate.com,Female,174.3.239.147
370,Julie,Flores,jfloresa9@com.com,Female,214.90.67.58
371,Steven,Thomas,sthomasaa@google.es,Male,42.3.254.205
372,Kathleen,Simmons,ksimmonsab@wikispaces.com,Female,77.39.231.70
373,Joyce,Banks,jbanksac@go.com,Female,146.248.122.76
374,Stephanie,Mendoza,smendozaad@nydailynews.com,Female,246.241.194.168
375,Marie,Banks,mbanksae@naver.com,Female,179.120.202.123
376,John,Baker,jbakeraf@vistaprint.com,Male,128.67.35.19
377,Arthur,Snyder,asnyderag@patch.com,Male,157.24.45.90
378,Harry,Carr,hcarrah@i2i.jp,Male,197.128.70.221
379,Andrea,Kim,akimai@ovh.net,Female,155.181.88.88
380,Brian,Butler,bbutleraj@ocn.ne.jp,Male,220.154.52.78
381,Joan,Lewis,jlewisak@businessinsider.com,Female,192.110.219.52
382,Thomas,Kelly,tkellyal@wisc.edu,Male,127.195.123.45
383,Dorothy,Hawkins,dhawkinsam@godaddy.com,Female,202.234.78.20
384,Ann,Harris,aharrisan@trellian.com,Female,35.225.192.48
385,Robin,Cook,rcookao@studiopress.com,Female,118.208.108.147
386,Judy,Long,jlongap@t-online.de,Female,143.106.178.40
387,Jack,Hudson,jhudsonaq@unc.edu,Male,135.29.22.206
388,Patrick,Morris,pmorrisar@china.com.cn,Male,143.211.13.167
389,Anthony,Miller,amilleras@businessweek.com,Male,16.214.229.136
390,Brian,Palmer,bpalmerat@hostgator.com,Male,205.56.155.8
391,Jean,Ward,jwardau@theguardian.com,Female,226.194.98.32
392,Frank,Larson,flarsonav@ucla.edu,Male,220.206.5.213
393,Marilyn,Martinez,mmartinezaw@photobucket.com,Female,16.24.97.147
394,Tammy,Garrett,tgarrettax@nytimes.com,Female,92.251.1.180
395,Dorothy,Franklin,dfranklinay@thetimes.co.uk,Female,80.128.56.18
396,Victor,Burton,vburtonaz@tuttocitta.it,Male,172.86.73.187
397,Irene,Stone,istoneb0@altervista.org,Female,251.203.147.200
398,Justin,Johnson,jjohnsonb1@paginegialle.it,Male,118.112.202.194
399,Bruce,Martinez,bmartinezb2@jigsy.com,Male,81.168.212.152
400,Susan,Hill,shillb3@elegantthemes.com,Female,1.149.133.250
401,Teresa,Sullivan,tsullivanb4@symantec.com,Female,126.39.34.58
402,Juan,Hicks,jhicksb5@europa.eu,Male,217.248.142.198
403,Rose,Wright,rwrightb6@webs.com,Female,140.162.43.229
404,Rachel,Anderson,randersonb7@blogtalkradio.com,Female,150.249.175.49
405,Virginia,Stephens,vstephensb8@geocities.com,Female,248.72.202.204
406,Douglas,Watson,dwatsonb9@chronoengine.com,Male,129.11.178.74
407,Anne,Wheeler,awheelerba@themeforest.net,Female,93.134.55.93
408,Richard,Henry,rhenrybb@wp.com,Male,92.136.252.81
409,Beverly,Hamilton,bhamiltonbc@patch.com,Female,103.114.189.28
410,Bobby,Hayes,bhayesbd@indiegogo.com,Male,245.170.148.156
411,Howard,Richardson,hrichardsonbe@hexun.com,Male,192.31.121.201
412,Adam,Davis,adavisbf@cbsnews.com,Male,180.165.82.77
413,Rachel,Fields,rfieldsbg@wired.com,Female,105.244.214.120
414,Martha,Boyd,mboydbh@usnews.com,Female,66.249.15.37
415,Virginia,Olson,volsonbi@mapy.cz,Female,47.139.162.254
416,Debra,Carter,dcarterbj@biglobe.ne.jp,Female,215.98.175.12
417,Julia,Ryan,jryanbk@oracle.com,Female,165.200.25.99
418,Nicole,Robinson,nrobinsonbl@webmd.com,Female,248.38.86.157
419,Sharon,Mason,smasonbm@liveinternet.ru,Female,56.127.202.153
420,Margaret,Elliott,melliottbn@ftc.gov,Female,116.144.165.211
421,Kathleen,Green,kgreenbo@vinaora.com,Female,116.60.81.252
422,Phyllis,Young,pyoungbp@dyndns.org,Female,77.2.61.5
423,William,Gibson,wgibsonbq@mtv.com,Male,89.209.85.20
424,Louise,Matthews,lmatthewsbr@cbc.ca,Female,89.38.225.216
425,James,Nichols,jnicholsbs@fema.gov,Male,98.175.195.36
426,Angela,Little,alittlebt@loc.gov,Female,170.152.221.44
427,Walter,Wells,wwellsbu@fda.gov,Male,214.222.52.51
428,Judy,Barnes,jbarnesbv@acquirethisname.com,Female,206.247.1.153
429,Debra,Cook,dcookbw@macromedia.com,Female,254.179.132.241
430,Larry,Morrison,lmorrisonbx@sohu.com,Male,182.39.8.184
431,Janice,Stanley,jstanleyby@lycos.com,Female,153.175.174.87
432,Albert,Howell,ahowellbz@noaa.gov,Male,181.72.179.147
433,Carol,George,cgeorgec0@trellian.com,Female,225.237.153.220
434,Michelle,Matthews,mmatthewsc1@dropbox.com,Female,68.249.147.166
435,Helen,Parker,hparkerc2@kickstarter.com,Female,244.128.64.11
436,Jason,Harvey,jharveyc3@nbcnews.com,Male,220.17.25.96
437,Eric,Jacobs,ejacobsc4@wikipedia.org,Male,4.80.161.5
438,Louise,Brooks,lbrooksc5@smh.com.au,Female,201.91.60.207
439,Samuel,Russell,srussellc6@fotki.com,Male,239.40.111.17
440,Fred,Chapman,fchapmanc7@wikipedia.org,Male,201.203.198.185
441,Wanda,Castillo,wcastilloc8@walmart.com,Female,92.88.168.209
442,Helen,Adams,hadamsc9@deviantart.com,Female,93.72.149.40
443,Alan,Harper,aharperca@cornell.edu,Male,142.129.6.229
444,Jerry,Hanson,jhansoncb@cnn.com,Male,130.191.104.55
445,Irene,Snyder,isnydercc@sakura.ne.jp,Female,166.1.57.165
446,Lawrence,Watson,lwatsoncd@geocities.jp,Male,53.69.64.102
447,Steve,Bishop,sbishopce@cisco.com,Male,127.219.108.95
448,Rose,Lopez,rlopezcf@va.gov,Female,85.16.83.58
449,Antonio,Banks,abankscg@mit.edu,Male,71.252.253.205
450,Diana,Robertson,drobertsonch@ezinearticles.com,Female,94.175.160.255
451,Heather,Rose,hroseci@nydailynews.com,Female,8.54.71.101
452,Juan,Frazier,jfraziercj@wisc.edu,Male,213.62.118.76
453,Carlos,Washington,cwashingtonck@marriott.com,Male,93.209.132.171
454,Donald,Duncan,dduncancl@desdev.cn,Male,128.183.225.13
455,Kelly,Franklin,kfranklincm@topsy.com,Female,14.239.153.177
456,Donald,Ortiz,dortizcn@taobao.com,Male,104.46.46.169
457,Stephanie,Olson,solsonco@tinyurl.com,Female,42.98.136.166
458,Timothy,Reed,treedcp@zdnet.com,Male,73.255.137.146
459,Ernest,Knight,eknightcq@infoseek.co.jp,Male,164.205.177.46
460,Shawn,Hunt,shuntcr@oaic.gov.au,Male,195.136.29.89
461,Katherine,Robinson,krobinsoncs@theguardian.com,Female,174.17.212.192
462,Carl,Hill,chillct@i2i.jp,Male,132.224.173.113
463,Stephen,Vasquez,svasquezcu@deliciousdays.com,Male,134.192.221.173
464,Terry,Baker,tbakercv@studiopress.com,Male,174.28.26.94
465,Jimmy,Gray,jgraycw@shinystat.com,Male,27.70.31.93
466,Sandra,Cruz,scruzcx@mozilla.com,Female,134.185.74.162
467,Jimmy,Pierce,jpiercecy@histats.com,Male,193.188.189.111
468,Jonathan,Hawkins,jhawkinscz@alexa.com,Male,56.63.35.80
469,Betty,Matthews,bmatthewsd0@skype.com,Female,239.183.77.174
470,Roy,Wilson,rwilsond1@si.edu,Male,159.64.211.156
471,Jose,Cook,jcookd2@deviantart.com,Male,76.148.113.12
472,Marilyn,Hawkins,mhawkinsd3@nationalgeographic.com,Female,6.137.80.219
473,Irene,Simmons,isimmonsd4@msn.com,Female,143.137.88.185
474,Wanda,Perez,wperezd5@dagondesign.com,Female,200.214.120.93
475,Keith,Rogers,krogersd6@istockphoto.com,Male,179.111.151.173
476,Linda,Kim,lkimd7@amazon.com,Female,213.102.203.77
477,Jack,Edwards,jedwardsd8@sohu.com,Male,183.249.132.25
478,Adam,Elliott,aelliottd9@craigslist.org,Male,191.74.162.181
479,Harry,Johnston,hjohnstonda@fotki.com,Male,207.141.29.251
480,Harry,Powell,hpowelldb@fda.gov,Male,207.178.219.234
481,Aaron,Tucker,atuckerdc@marriott.com,Male,117.19.71.244
482,Thomas,Rose,trosedd@vistaprint.com,Male,242.81.184.37
483,Diana,Johnston,djohnstonde@paginegialle.it,Female,229.189.101.21
484,Randy,Chapman,rchapmandf@cyberchimps.com,Male,61.97.60.246
485,Donna,Simmons,dsimmonsdg@blogspot.com,Female,237.42.73.228
486,David,Cunningham,dcunninghamdh@twitter.com,Male,44.39.224.78
487,Rose,Medina,rmedinadi@amazon.co.jp,Female,199.120.198.93
488,Bobby,Harris,bharrisdj@chronoengine.com,Male,7.253.154.130
489,Douglas,Berry,dberrydk@forbes.com,Male,142.23.110.203
490,Sean,Montgomery,smontgomerydl@stanford.edu,Male,26.112.215.6
491,Bruce,Chavez,bchavezdm@parallels.com,Male,244.108.198.178
492,Aaron,Greene,agreenedn@google.it,Male,34.17.156.128
493,James,James,jjamesdo@zimbio.com,Male,129.145.102.77
494,Henry,Gonzalez,hgonzalezdp@washingtonpost.com,Male,48.164.16.203
495,Melissa,Boyd,mboyddq@google.com.hk,Female,144.97.60.102
496,Charles,Morgan,cmorgandr@vk.com,Male,219.228.120.46
497,Ashley,Austin,aaustinds@myspace.com,Female,100.238.158.186
498,Daniel,Sullivan,dsullivandt@angelfire.com,Male,7.193.149.73
499,Karen,Anderson,kandersondu@arizona.edu,Female,1.133.39.216
500,Benjamin,Butler,bbutlerdv@taobao.com,Male,195.252.111.96
501,Johnny,Roberts,jrobertsdw@naver.com,Male,215.141.7.191
502,Wanda,Tucker,wtuckerdx@comsenz.com,Female,150.142.133.105
503,Dennis,Bowman,dbowmandy@instagram.com,Male,146.92.16.108
504,Sandra,Bowman,sbowmandz@clickbank.net,Female,154.63.208.69
505,Kevin,Smith,ksmithe0@over-blog.com,Male,73.71.245.12
506,Alice,Robinson,arobinsone1@senate.gov,Female,244.211.99.2
507,Juan,Ruiz,jruize2@behance.net,Male,204.27.124.102
508,Linda,Cooper,lcoopere3@issuu.com,Female,207.220.245.146
509,Fred,Bowman,fbowmane4@ameblo.jp,Male,71.49.252.151
510,Diana,Henry,dhenrye5@netscape.com,Female,93.42.186.208
511,Phillip,Warren,pwarrene6@loc.gov,Male,191.180.113.168
512,Richard,Medina,rmedinae7@networksolutions.com,Male,154.136.105.173
513,Louise,Robinson,lrobinsone8@dailymail.co.uk,Female,51.58.248.74
514,Anna,Burke,aburkee9@blog.com,Female,110.116.170.90
515,Randy,Patterson,rpattersonea@sphinn.com,Male,226.18.140.252
516,Paula,Wagner,pwagnereb@sourceforge.net,Female,84.78.27.233
517,Howard,Martinez,hmartinezec@irs.gov,Male,118.209.227.73
518,Lawrence,James,ljamesed@loc.gov,Male,233.48.73.239
519,Terry,Adams,tadamsee@usgs.gov,Male,87.92.155.198
520,Jimmy,Cook,jcookef@wikispaces.com,Male,40.201.132.159
521,Phyllis,Carpenter,pcarpentereg@mit.edu,Female,193.34.234.242
522,Louise,Chavez,lchavezeh@chronoengine.com,Female,224.219.159.223
523,Helen,Parker,hparkerei@mlb.com,Female,70.40.46.218
524,Mary,Gutierrez,mgutierrezej@sfgate.com,Female,9.134.121.56
525,Brian,Mcdonald,bmcdonaldek@jiathis.com,Male,118.98.182.53
526,Beverly,Ross,brossel@is.gd,Female,179.143.170.63
527,Bonnie,Hughes,bhughesem@facebook.com,Female,127.219.151.156
528,Patrick,Wheeler,pwheeleren@google.com.hk,Male,207.93.234.99
529,Jessica,Burns,jburnseo@businessweek.com,Female,44.14.137.224
530,Anna,Garcia,agarciaep@google.com.br,Female,244.12.229.137
531,Harry,Pierce,hpierceeq@altervista.org,Male,197.127.87.254
532,Irene,Sanchez,isanchezer@who.int,Female,81.240.22.240
533,Billy,Knight,bknightes@ycombinator.com,Male,181.89.119.25
534,Nancy,Fisher,nfisheret@cnn.com,Female,252.148.248.196
535,Jonathan,Matthews,jmatthewseu@usatoday.com,Male,137.67.122.215
536,Joyce,Shaw,jshawev@rakuten.co.jp,Female,191.188.228.26
537,Karen,Garza,kgarzaew@edublogs.org,Female,170.61.196.13
538,Marie,Garrett,mgarrettex@miibeian.gov.cn,Female,150.156.84.10
539,David,Patterson,dpattersoney@fastcompany.com,Male,253.34.62.101
540,Amanda,Dean,adeanez@amazon.de,Female,127.28.60.58
541,Todd,Hart,thartf0@dmoz.org,Male,118.16.213.33
542,Ryan,Carr,rcarrf1@baidu.com,Male,138.173.119.202
543,Janice,Russell,jrussellf2@digg.com,Female,246.145.240.99
544,Susan,Phillips,sphillipsf3@xing.com,Female,67.12.113.250
545,Alice,Lane,alanef4@ed.gov,Female,206.122.214.193
546,Juan,Weaver,jweaverf5@yolasite.com,Male,139.40.53.86
547,Tammy,Brooks,tbrooksf6@unc.edu,Female,144.231.115.18
548,Juan,Kennedy,jkennedyf7@devhub.com,Male,63.32.137.82
549,Louise,Phillips,lphillipsf8@youtube.com,Female,118.221.23.174
550,Melissa,Chapman,mchapmanf9@cmu.edu,Female,84.141.207.185
551,Henry,Brown,hbrownfa@about.com,Male,215.34.251.149
552,Christopher,Thomas,cthomasfb@pcworld.com,Male,246.206.37.10
553,Julie,Dean,jdeanfc@tiny.cc,Female,114.77.137.212
554,Jose,Washington,jwashingtonfd@storify.com,Male,26.87.100.163
555,Lawrence,Reid,lreidfe@so-net.ne.jp,Male,119.155.156.165
556,Evelyn,Knight,eknightff@newyorker.com,Female,111.156.232.146
557,Sharon,Schmidt,sschmidtfg@netlog.com,Female,211.128.22.254
558,Jacqueline,Knight,jknightfh@pinterest.com,Female,34.168.57.55
559,Louise,Cruz,lcruzfi@vistaprint.com,Female,213.79.131.109
560,Anna,Williamson,awilliamsonfj@zdnet.com,Female,119.217.23.100
561,Henry,Hart,hhartfk@reverbnation.com,Male,238.241.156.138
562,Rose,Roberts,rrobertsfl@alibaba.com,Female,138.162.10.206
563,Jeffrey,George,jgeorgefm@friendfeed.com,Male,94.2.137.145
564,Jason,Warren,jwarrenfn@reddit.com,Male,142.133.50.150
565,Susan,Daniels,sdanielsfo@google.com.hk,Female,95.140.238.95
566,Mildred,Griffin,mgriffinfp@mozilla.org,Female,20.28.133.4
567,Helen,Garrett,hgarrettfq@google.com,Female,77.220.79.101
568,Terry,Willis,twillisfr@sakura.ne.jp,Male,46.236.104.98
569,Bonnie,Bryant,bbryantfs@senate.gov,Female,195.233.185.149
570,Aaron,Carroll,acarrollft@europa.eu,Male,14.132.64.151
571,Douglas,Crawford,dcrawfordfu@sakura.ne.jp,Male,34.186.40.96
572,Donna,Gibson,dgibsonfv@godaddy.com,Female,3.91.207.183
573,James,Gonzales,jgonzalesfw@answers.com,Male,47.138.80.131
574,Patricia,Rodriguez,prodriguezfx@thetimes.co.uk,Female,252.22.31.234
575,Betty,Meyer,bmeyerfy@wufoo.com,Female,129.179.202.21
576,Matthew,Reed,mreedfz@umn.edu,Male,68.253.234.108
577,Bonnie,Rivera,briverag0@deliciousdays.com,Female,202.46.147.150
578,Kelly,Powell,kpowellg1@mapquest.com,Female,78.9.237.39
579,Sandra,Ryan,sryang2@walmart.com,Female,42.186.44.105
580,Louise,Fuller,lfullerg3@printfriendly.com,Female,143.177.149.30
581,Steve,Fisher,sfisherg4@wp.com,Male,166.188.195.11
582,Patrick,Diaz,pdiazg5@dmoz.org,Male,80.91.173.250
583,Cynthia,Freeman,cfreemang6@boston.com,Female,103.138.162.37
584,Arthur,Bradley,abradleyg7@theglobeandmail.com,Male,172.6.253.104
585,Carol,Carter,ccarterg8@exblog.jp,Female,68.214.118.244
586,Mark,Schmidt,mschmidtg9@nydailynews.com,Male,25.177.234.3
587,Paula,Daniels,pdanielsga@mtv.com,Female,23.204.118.91
588,Robert,Lopez,rlopezgb@opera.com,Male,87.60.240.218
589,Stephanie,Cooper,scoopergc@yahoo.com,Female,155.167.157.242
590,Chris,Watson,cwatsongd@google.co.jp,Male,126.131.27.64
591,Ashley,Howard,ahowardge@wikia.com,Female,234.156.18.16
592,Joan,Peterson,jpetersongf@alibaba.com,Female,217.176.176.168
593,Howard,Tucker,htuckergg@tumblr.com,Male,49.120.153.47
594,Lisa,Knight,lknightgh@unesco.org,Female,170.122.113.25
595,Robert,Johnson,rjohnsongi@feedburner.com,Male,42.15.248.0
596,Janice,Gomez,jgomezgj@printfriendly.com,Female,113.4.1.152
597,Frank,Fuller,ffullergk@sphinn.com,Male,139.178.250.134
598,Dorothy,Bell,dbellgl@topsy.com,Female,144.155.186.67
599,Jimmy,Fernandez,jfernandezgm@last.fm,Male,180.96.42.94
600,Frances,Dean,fdeangn@hao123.com,Female,11.134.40.151
601,Patricia,Green,pgreengo@theglobeandmail.com,Female,65.69.125.69
602,Ruby,Oliver,rolivergp@drupal.org,Female,213.160.115.99
603,Richard,Fields,rfieldsgq@house.gov,Male,53.236.19.109
604,Jack,Morris,jmorrisgr@google.pl,Male,31.148.193.187
605,Jesse,Davis,jdavisgs@cnet.com,Male,132.80.215.218
606,Diane,James,djamesgt@cdc.gov,Female,227.15.120.193
607,Laura,Gonzalez,lgonzalezgu@rakuten.co.jp,Female,160.18.169.165
608,Alice,Simmons,asimmonsgv@barnesandnoble.com,Female,85.56.160.217
609,Lori,Moore,lmooregw@apache.org,Female,158.245.176.173
610,Ruby,Peterson,rpetersongx@123-reg.co.uk,Female,7.179.60.40
611,Harold,Rose,hrosegy@hexun.com,Male,71.201.174.108
612,Jerry,Greene,jgreenegz@newsvine.com,Male,166.45.219.131
613,David,Riley,drileyh0@icio.us,Male,125.139.122.196
614,Phyllis,Matthews,pmatthewsh1@cisco.com,Female,193.193.69.12
615,Russell,Burton,rburtonh2@lulu.com,Male,90.149.219.45
616,Kathy,Scott,kscotth3@mediafire.com,Female,64.248.239.77
617,Kimberly,Reynolds,kreynoldsh4@redcross.org,Female,87.50.149.186
618,Patricia,Patterson,ppattersonh5@ebay.com,Female,41.62.125.50
619,Sharon,Fields,sfieldsh6@google.co.jp,Female,44.181.119.17
620,Joe,Simmons,jsimmonsh7@angelfire.com,Male,225.113.77.202
621,Gregory,Perez,gperezh8@apple.com,Male,13.194.2.115
622,Jason,Webb,jwebbh9@usnews.com,Male,167.248.83.173
623,Jennifer,Martinez,jmartinezha@surveymonkey.com,Female,14.206.114.128
624,Andrea,Bell,abellhb@ow.ly,Female,133.111.65.170
625,Ruth,Wagner,rwagnerhc@list-manage.com,Female,56.206.198.187
626,Michelle,Woods,mwoodshd@cisco.com,Female,40.1.65.157
627,Susan,Medina,smedinahe@sohu.com,Female,103.217.103.245
628,Eugene,Rogers,erogershf@seattletimes.com,Male,204.182.240.12
629,Arthur,Snyder,asnyderhg@microsoft.com,Male,116.63.128.14
630,Jane,Wallace,jwallacehh@wordpress.org,Female,235.187.24.203
631,Karen,Fowler,kfowlerhi@businessweek.com,Female,253.230.147.14
632,Jane,Brooks,jbrookshj@blogger.com,Female,91.204.151.5
633,Amanda,Thomas,athomashk@barnesandnoble.com,Female,31.192.173.44
634,Virginia,West,vwesthl@infoseek.co.jp,Female,23.84.77.186
635,Sean,Powell,spowellhm@phoca.cz,Male,101.56.195.2
636,Kathleen,Sanchez,ksanchezhn@google.de,Female,36.251.60.115
637,Shawn,Patterson,spattersonho@state.gov,Male,74.198.172.38
638,Eric,Wilson,ewilsonhp@ustream.tv,Male,201.30.62.115
639,Brenda,Welch,bwelchhq@macromedia.com,Female,77.3.163.234
640,Anna,Wheeler,awheelerhr@networksolutions.com,Female,204.241.80.167
641,Lillian,Robinson,lrobinsonhs@umich.edu,Female,30.12.118.70
642,Laura,Garrett,lgarrettht@constantcontact.com,Female,51.187.76.70
643,Todd,Henry,thenryhu@noaa.gov,Male,251.78.158.95
644,Justin,Jones,jjoneshv@qq.com,Male,183.65.211.119
645,Angela,Owens,aowenshw@princeton.edu,Female,253.78.38.178
646,Justin,Evans,jevanshx@house.gov,Male,184.237.25.121
647,Donald,Carroll,dcarrollhy@icio.us,Male,255.117.126.126
648,Samuel,Reid,sreidhz@rakuten.co.jp,Male,237.40.161.157
649,Emily,Bowman,ebowmani0@slate.com,Female,15.145.116.57
650,Anthony,Martinez,amartinezi1@networksolutions.com,Male,222.170.112.71
651,David,Palmer,dpalmeri2@mashable.com,Male,128.106.174.61
652,Roy,Green,rgreeni3@sfgate.com,Male,154.202.34.133
653,Jimmy,Franklin,jfranklini4@hao123.com,Male,168.92.173.166
654,Carlos,Price,cpricei5@people.com.cn,Male,74.230.56.102
655,Antonio,Banks,abanksi6@sohu.com,Male,41.70.171.93
656,Jane,Ward,jwardi7@answers.com,Female,33.166.152.230
657,Howard,Montgomery,hmontgomeryi8@hp.com,Male,201.228.123.113
658,Heather,Owens,howensi9@liveinternet.ru,Female,68.156.176.5
659,Craig,Burke,cburkeia@ca.gov,Male,249.222.183.250
660,Julie,Webb,jwebbib@ow.ly,Female,72.190.50.53
661,Maria,Henry,mhenryic@imdb.com,Female,86.155.206.61
662,Peter,Vasquez,pvasquezid@arizona.edu,Male,19.47.19.5
663,Wayne,Rodriguez,wrodriguezie@ameblo.jp,Male,96.64.232.194
664,Shirley,Barnes,sbarnesif@va.gov,Female,255.82.120.129
665,Donald,Mendoza,dmendozaig@gizmodo.com,Male,168.28.41.198
666,Kimberly,Bishop,kbishopih@sitemeter.com,Female,25.116.17.154
667,Bonnie,Hawkins,bhawkinsii@yellowpages.com,Female,85.2.80.160
668,Melissa,Gonzalez,mgonzalezij@merriam-webster.com,Female,186.19.74.145
669,Jane,Sullivan,jsullivanik@google.it,Female,155.172.84.96
670,Sandra,Graham,sgrahamil@ifeng.com,Female,144.185.23.229
671,Todd,Watkins,twatkinsim@gnu.org,Male,224.234.133.143
672,Jacqueline,George,jgeorgein@linkedin.com,Female,222.69.213.35
673,Frank,Berry,fberryio@topsy.com,Male,157.74.222.60
674,Anthony,Jordan,ajordanip@hatena.ne.jp,Male,73.244.143.38
675,Amanda,Cruz,acruziq@facebook.com,Female,130.139.53.110
676,Russell,Adams,radamsir@microsoft.com,Male,87.29.53.28
677,Tammy,Oliver,toliveris@ucsd.edu,Female,242.36.100.43
678,Gerald,Brooks,gbrooksit@mac.com,Male,86.110.109.192
679,Joyce,Hunter,jhunteriu@ycombinator.com,Female,32.124.246.150
680,Lisa,Ford,lfordiv@who.int,Female,144.96.189.210
681,Benjamin,Burns,bburnsiw@github.io,Male,253.218.14.206
682,Brandon,Harvey,bharveyix@constantcontact.com,Male,253.117.151.105
683,Richard,Simmons,rsimmonsiy@t.co,Male,180.233.244.108
684,Lillian,Elliott,lelliottiz@free.fr,Female,79.147.101.94
685,Anne,Robinson,arobinsonj0@globo.com,Female,137.31.89.153
686,Martha,Carroll,mcarrollj1@sciencedaily.com,Female,142.248.197.47
687,Teresa,Foster,tfosterj2@bbb.org,Female,206.219.101.188
688,Christopher,Murphy,cmurphyj3@twitter.com,Male,255.154.246.40
689,Frances,Gordon,fgordonj4@furl.net,Female,212.55.133.252
690,Jack,Fowler,jfowlerj5@cmu.edu,Male,139.173.26.86
691,Eric,Thomas,ethomasj6@ask.com,Male,218.185.159.150
692,Margaret,Romero,mromeroj7@devhub.com,Female,240.218.163.145
693,Debra,Pierce,dpiercej8@cdbaby.com,Female,130.56.20.243
694,Joseph,Nguyen,jnguyenj9@de.vu,Male,160.103.131.149
695,Matthew,Wright,mwrightja@nature.com,Male,135.192.163.96
696,Billy,Freeman,bfreemanjb@psu.edu,Male,108.76.150.170
697,Debra,Williams,dwilliamsjc@alexa.com,Female,147.108.122.224
698,Jesse,Bishop,jbishopjd@i2i.jp,Male,132.225.62.250
699,Sharon,Ferguson,sfergusonje@com.com,Female,129.64.138.214
700,Irene,Richardson,irichardsonjf@myspace.com,Female,144.191.247.147
701,Kelly,Hicks,khicksjg@theatlantic.com,Female,252.18.217.37
702,Tammy,Crawford,tcrawfordjh@forbes.com,Female,172.17.189.82
703,Phillip,Carr,pcarrji@mozilla.org,Male,56.163.191.161
704,Carol,Simmons,csimmonsjj@indiegogo.com,Female,218.181.94.99
705,Carl,Hicks,chicksjk@123-reg.co.uk,Male,119.109.135.205
706,Henry,Scott,hscottjl@wordpress.com,Male,49.116.129.220
707,Gloria,Gomez,ggomezjm@weebly.com,Female,192.188.80.110
708,John,Myers,jmyersjn@usatoday.com,Male,188.178.34.40
709,Stephanie,Freeman,sfreemanjo@hostgator.com,Female,25.174.10.0
710,Howard,Patterson,hpattersonjp@unicef.org,Male,252.141.151.71
711,Donald,Thomas,dthomasjq@sakura.ne.jp,Male,149.150.197.124
712,Sean,Mendoza,smendozajr@yale.edu,Male,204.42.131.45
713,Linda,Carpenter,lcarpenterjs@deviantart.com,Female,202.193.106.26
714,Stephen,Simpson,ssimpsonjt@rediff.com,Male,72.131.122.111
715,Mary,Hunt,mhuntju@ebay.co.uk,Female,253.71.99.109
716,Marilyn,Gray,mgrayjv@wordpress.com,Female,201.84.67.34
717,Chris,Sanchez,csanchezjw@dailymotion.com,Male,236.54.71.18
718,Bruce,Stewart,bstewartjx@craigslist.org,Male,202.45.122.83
719,Douglas,Williams,dwilliamsjy@devhub.com,Male,125.86.246.191
720,Janet,Frazier,jfrazierjz@dagondesign.com,Female,105.89.203.39
721,Todd,Bell,tbellk0@washington.edu,Male,177.203.164.84
722,Phillip,Hawkins,phawkinsk1@google.pl,Male,193.1.227.109
723,Joshua,Watson,jwatsonk2@vinaora.com,Male,75.197.212.17
724,Harold,Kelley,hkelleyk3@nytimes.com,Male,182.185.127.43
725,Raymond,Reynolds,rreynoldsk4@cbslocal.com,Male,38.138.169.205
726,Lillian,Coleman,lcolemank5@auda.org.au,Female,199.243.198.233
727,Judy,Clark,jclarkk6@upenn.edu,Female,153.3.176.196
728,Donna,Harrison,dharrisonk7@posterous.com,Female,171.231.171.35
729,Juan,Medina,jmedinak8@addthis.com,Male,240.107.160.109
730,Jimmy,Diaz,jdiazk9@123-reg.co.uk,Male,46.222.147.43
731,Anne,Williamson,awilliamsonka@51.la,Female,191.194.134.68
732,Karen,Knight,kknightkb@addtoany.com,Female,102.8.29.245
733,Jesse,Fox,jfoxkc@php.net,Male,122.143.161.237
734,Nicholas,Larson,nlarsonkd@upenn.edu,Male,43.118.148.122
735,Steve,Boyd,sboydke@washington.edu,Male,190.174.148.115
736,Thomas,Chapman,tchapmankf@elpais.com,Male,253.191.70.148
737,Linda,Jones,ljoneskg@examiner.com,Female,3.99.185.89
738,Eric,Dean,edeankh@ning.com,Male,7.140.126.96
739,Carl,Crawford,ccrawfordki@gravatar.com,Male,203.134.188.185
740,Marilyn,Miller,mmillerkj@artisteer.com,Female,235.93.206.86
741,Denise,Ford,dfordkk@zdnet.com,Female,128.103.99.230
742,Betty,Tucker,btuckerkl@4shared.com,Female,51.119.4.38
743,Brenda,Castillo,bcastillokm@umich.edu,Female,191.160.109.47
744,Debra,Hart,dhartkn@so-net.ne.jp,Female,46.229.9.144
745,Shirley,Porter,sporterko@delicious.com,Female,115.114.138.249
746,Matthew,Griffin,mgriffinkp@usa.gov,Male,63.65.233.176
747,Eugene,Lewis,elewiskq@tuttocitta.it,Male,213.107.165.239
748,Alice,Cox,acoxkr@aboutads.info,Female,42.223.146.254
749,Melissa,Snyder,msnyderks@deliciousdays.com,Female,188.94.154.7
750,Angela,Simpson,asimpsonkt@digg.com,Female,7.163.141.58
751,Lillian,Kennedy,lkennedyku@wikispaces.com,Female,217.169.8.123
752,Jeremy,Adams,jadamskv@bbb.org,Male,23.113.191.50
753,Russell,Nelson,rnelsonkw@microsoft.com,Male,215.13.192.175
754,Jerry,Hayes,jhayeskx@issuu.com,Male,146.84.154.87
755,Anne,Mccoy,amccoyky@ucla.edu,Female,253.177.104.3
756,Kelly,Moore,kmoorekz@webnode.com,Female,239.144.181.35
757,Dorothy,Robertson,drobertsonl0@webs.com,Female,22.152.243.250
758,Melissa,Hill,mhilll1@hud.gov,Female,247.149.240.105
759,Carl,Burton,cburtonl2@arstechnica.com,Male,6.5.3.230
760,Craig,Berry,cberryl3@arstechnica.com,Male,27.228.128.138
761,Steve,Phillips,sphillipsl4@wix.com,Male,1.113.78.235
762,Patricia,Long,plongl5@nationalgeographic.com,Female,248.116.153.121
763,Norma,Vasquez,nvasquezl6@squarespace.com,Female,202.204.55.14
764,Paul,Miller,pmillerl7@unblog.fr,Male,216.41.216.213
765,Carlos,Howell,chowelll8@feedburner.com,Male,149.64.174.15
766,Betty,Cox,bcoxl9@youtu.be,Female,156.99.48.95
767,Carolyn,Banks,cbanksla@discovery.com,Female,232.114.178.218
768,Jack,Smith,jsmithlb@instagram.com,Male,98.206.195.154
769,Stephen,Vasquez,svasquezlc@pbs.org,Male,65.204.12.156
770,Lori,Bowman,lbowmanld@skyrock.com,Female,7.237.253.88
771,Billy,Bradley,bbradleyle@wired.com,Male,141.140.238.116
772,Nicole,Howard,nhowardlf@dagondesign.com,Female,87.183.221.233
773,Teresa,Fowler,tfowlerlg@hexun.com,Female,119.141.92.144
774,Nicole,Ray,nraylh@msu.edu,Female,230.129.247.99
775,Lillian,Jackson,ljacksonli@cdbaby.com,Female,65.117.75.44
776,Frank,Butler,fbutlerlj@freewebs.com,Male,198.137.48.226
777,Christopher,Mitchell,cmitchelllk@mysql.com,Male,240.64.189.88
778,Lori,Collins,lcollinsll@techcrunch.com,Female,150.106.243.221
779,Clarence,Moreno,cmorenolm@storify.com,Male,218.191.163.93
780,Tammy,Wright,twrightln@blogs.com,Female,10.3.92.159
781,Albert,Watson,awatsonlo@hp.com,Male,44.96.63.49
782,Martin,Howard,mhowardlp@vinaora.com,Male,20.45.43.51
783,Teresa,Watkins,twatkinslq@altervista.org,Female,217.83.119.134
784,Eric,Hamilton,ehamiltonlr@usatoday.com,Male,145.51.239.166
785,Lisa,Richardson,lrichardsonls@about.me,Female,125.48.1.224
786,Lillian,Johnston,ljohnstonlt@zimbio.com,Female,179.143.91.33
787,Donna,Mendoza,dmendozalu@ask.com,Female,64.129.81.110
788,Ann,Cook,acooklv@walmart.com,Female,86.213.5.245
789,Chris,King,ckinglw@studiopress.com,Male,24.191.51.130
790,Kimberly,Burke,kburkelx@statcounter.com,Female,253.63.47.230
791,Paul,Vasquez,pvasquezly@creativecommons.org,Male,231.36.151.232
792,Ann,Hernandez,ahernandezlz@nba.com,Female,108.45.67.8
793,Clarence,Edwards,cedwardsm0@wikispaces.com,Male,28.118.103.155
794,Paula,Peterson,ppetersonm1@va.gov,Female,239.46.118.109
795,Andrew,Perez,aperezm2@about.me,Male,188.123.93.26
796,Willie,Kelly,wkellym3@sciencedaily.com,Male,167.5.37.197
797,Doris,Daniels,ddanielsm4@addtoany.com,Female,194.222.0.83
798,Ann,Anderson,aandersonm5@walmart.com,Female,171.144.254.194
799,Stephen,Thomas,sthomasm6@fc2.com,Male,25.160.58.14
800,Rachel,Bradley,rbradleym7@narod.ru,Female,71.210.129.171
801,Helen,Moreno,hmorenom8@jugem.jp,Female,203.28.242.199
802,Christina,Murphy,cmurphym9@jugem.jp,Female,33.94.17.140
803,Philip,Reynolds,preynoldsma@hugedomains.com,Male,153.207.112.148
804,Ronald,Adams,radamsmb@vkontakte.ru,Male,82.31.243.23
805,Gregory,Lawson,glawsonmc@squidoo.com,Male,108.6.150.162
806,Michael,Rodriguez,mrodriguezmd@goodreads.com,Male,108.11.84.5
807,Albert,Pierce,apierceme@deliciousdays.com,Male,185.89.56.205
808,Marilyn,Wallace,mwallacemf@geocities.jp,Female,167.176.138.108
809,Carol,Hunt,chuntmg@lulu.com,Female,6.186.75.46
810,Jennifer,Stone,jstonemh@opera.com,Female,139.147.124.18
811,Jane,Ross,jrossmi@va.gov,Female,172.93.176.126
812,Diana,Henderson,dhendersonmj@paypal.com,Female,153.140.10.77
813,Teresa,Rodriguez,trodriguezmk@java.com,Female,209.35.76.149
814,Michael,Hunt,mhuntml@technorati.com,Male,160.49.25.238
815,Kevin,Frazier,kfraziermm@vinaora.com,Male,113.175.122.8
816,Carol,Carroll,ccarrollmn@wired.com,Female,73.250.63.76
817,Julia,Webb,jwebbmo@uiuc.edu,Female,86.224.190.85
818,Sean,Fox,sfoxmp@hp.com,Male,5.99.201.144
819,Ralph,Vasquez,rvasquezmq@unc.edu,Male,35.40.162.182
820,Martin,Marshall,mmarshallmr@nbcnews.com,Male,176.151.229.211
821,Louis,Roberts,lrobertsms@ezinearticles.com,Male,51.212.155.156
822,Ann,Greene,agreenemt@telegraph.co.uk,Female,246.142.45.182
823,Mary,Harris,mharrismu@blogger.com,Female,99.210.142.96
824,Jessica,Daniels,jdanielsmv@technorati.com,Female,39.54.18.235
825,Ann,Perry,aperrymw@quantcast.com,Female,83.189.94.67
826,Ann,Flores,afloresmx@nhs.uk,Female,224.240.3.64
827,Denise,Richards,drichardsmy@kickstarter.com,Female,135.24.50.94
828,Raymond,Cunningham,rcunninghammz@newsvine.com,Male,63.29.3.146
829,Sharon,Scott,sscottn0@dailymail.co.uk,Female,48.234.216.187
830,Shawn,Rivera,sriveran1@smh.com.au,Male,197.192.249.96
831,Sean,Gordon,sgordonn2@gmpg.org,Male,22.20.30.181
832,Raymond,Riley,rrileyn3@intel.com,Male,124.133.214.154
833,Diana,Stephens,dstephensn4@wired.com,Female,16.147.57.206
834,Henry,Webb,hwebbn5@yahoo.com,Male,190.16.27.55
835,Ruby,Marshall,rmarshalln6@wordpress.org,Female,188.41.154.7
836,Juan,Meyer,jmeyern7@artisteer.com,Male,236.171.121.253
837,Sara,Chapman,schapmann8@sohu.com,Female,34.152.34.141
838,Nicholas,Rogers,nrogersn9@microsoft.com,Male,232.171.90.78
839,Jerry,Watson,jwatsonna@tiny.cc,Male,7.128.96.112
840,Jesse,Flores,jfloresnb@symantec.com,Male,144.248.107.58
841,Ashley,Gilbert,agilbertnc@csmonitor.com,Female,57.42.38.199
842,Lois,Lawson,llawsonnd@dyndns.org,Female,137.247.75.77
843,Roger,Duncan,rduncanne@pinterest.com,Male,185.252.164.6
844,Kathleen,Harris,kharrisnf@google.com.hk,Female,118.165.94.226
845,Ruby,Grant,rgrantng@ycombinator.com,Female,73.179.136.59
846,Bonnie,Duncan,bduncannh@samsung.com,Female,51.185.198.248
847,Roy,Gibson,rgibsonni@unblog.fr,Male,64.44.8.239
848,Willie,Knight,wknightnj@ifeng.com,Male,36.81.175.140
849,Betty,Castillo,bcastillonk@ed.gov,Female,15.126.156.214
850,Ralph,Carpenter,rcarpenternl@fema.gov,Male,68.25.132.244
851,Peter,Alvarez,palvareznm@biblegateway.com,Male,148.82.82.80
852,David,Carroll,dcarrollnn@furl.net,Male,26.255.92.255
853,Arthur,Barnes,abarnesno@qq.com,Male,144.13.57.229
854,John,Daniels,jdanielsnp@nature.com,Male,157.221.220.30
855,Susan,Fisher,sfishernq@t-online.de,Female,17.150.69.173
856,Robert,Sims,rsimsnr@chron.com,Male,63.14.46.61
857,Emily,Williamson,ewilliamsonns@scribd.com,Female,72.191.117.129
858,Justin,Garcia,jgarciant@yahoo.com,Male,112.201.12.110
859,Deborah,Green,dgreennu@godaddy.com,Female,71.126.43.74
860,Jessica,Shaw,jshawnv@imdb.com,Female,7.217.42.97
861,Terry,Long,tlongnw@cloudflare.com,Male,135.157.137.246
862,Steve,Nguyen,snguyennx@mapquest.com,Male,161.17.86.5
863,Emily,Alexander,ealexanderny@aboutads.info,Female,231.73.217.244
864,Donald,Fox,dfoxnz@blinklist.com,Male,22.234.37.70
865,Christopher,Carter,ccartero0@dailymail.co.uk,Male,183.204.32.6
866,Anthony,Ryan,aryano1@cpanel.net,Male,249.32.196.132
867,Frances,Crawford,fcrawfordo2@timesonline.co.uk,Female,163.59.128.29
868,Jesse,Morgan,jmorgano3@cmu.edu,Male,231.95.27.199
869,Nicole,Hill,nhillo4@dion.ne.jp,Female,11.11.31.70
870,William,Fuller,wfullero5@nyu.edu,Male,114.100.62.191
871,Kimberly,Walker,kwalkero6@theatlantic.com,Female,166.170.134.73
872,Sarah,Fuller,sfullero7@yahoo.com,Female,129.5.78.104
873,Matthew,Lopez,mlopezo8@weibo.com,Male,6.57.165.86
874,Wayne,Walker,wwalkero9@i2i.jp,Male,135.91.209.232
875,Kathy,Schmidt,kschmidtoa@reuters.com,Female,202.102.114.106
876,Nicole,Little,nlittleob@cyberchimps.com,Female,206.219.143.61
877,Deborah,Lane,dlaneoc@yelp.com,Female,147.52.96.182
878,Ashley,Clark,aclarkod@webmd.com,Female,47.173.26.109
879,Martin,Mason,mmasonoe@vkontakte.ru,Male,149.244.248.219
880,Michael,Carter,mcarterof@bandcamp.com,Male,128.134.87.123
881,Melissa,Gray,mgrayog@hp.com,Female,254.118.214.10
882,Walter,Gilbert,wgilbertoh@yolasite.com,Male,32.223.197.137
883,Christopher,Holmes,cholmesoi@scientificamerican.com,Male,244.139.53.192
884,Willie,Ward,wwardoj@umn.edu,Male,27.243.185.164
885,Carl,Armstrong,carmstrongok@multiply.com,Male,20.40.43.239
886,Christine,Hill,chillol@skyrock.com,Female,199.237.75.150
887,Barbara,Lee,bleeom@liveinternet.ru,Female,128.49.19.37
888,Donald,Lee,dleeon@oakley.com,Male,129.198.185.171
889,Deborah,Henry,dhenryoo@businessweek.com,Female,102.183.31.127
890,Annie,Franklin,afranklinop@dell.com,Female,146.253.110.69
891,Willie,Perry,wperryoq@cisco.com,Male,212.210.89.106
892,Jeffrey,Torres,jtorresor@simplemachines.org,Male,171.159.52.64
893,Marie,Moore,mmooreos@who.int,Female,245.29.32.186
894,Amanda,Graham,agrahamot@bizjournals.com,Female,102.94.56.151
895,Stephen,Dixon,sdixonou@tumblr.com,Male,25.43.6.233
896,Daniel,Mcdonald,dmcdonaldov@bizjournals.com,Male,169.99.77.95
897,Anne,Hanson,ahansonow@webs.com,Female,253.219.39.112
898,Emily,Riley,erileyox@amazon.co.uk,Female,35.144.238.190
899,Judith,Bryant,jbryantoy@comcast.net,Female,52.155.251.10
900,Evelyn,Russell,erusselloz@epa.gov,Female,167.200.141.169
901,Shawn,Dean,sdeanp0@unblog.fr,Male,248.16.86.132
902,Denise,Chavez,dchavezp1@cnbc.com,Female,146.27.90.59
903,Lillian,Ford,lfordp2@usnews.com,Female,111.50.27.132
904,Karen,Carpenter,kcarpenterp3@prlog.org,Female,64.167.205.21
905,Kenneth,Morales,kmoralesp4@tmall.com,Male,30.84.65.57
906,Carol,Stone,cstonep5@timesonline.co.uk,Female,4.195.148.8
907,Betty,Richards,brichardsp6@independent.co.uk,Female,234.19.125.140
908,Susan,Wilson,swilsonp7@home.pl,Female,160.175.150.164
909,Philip,Bryant,pbryantp8@hubpages.com,Male,142.242.215.104
910,Anthony,Moreno,amorenop9@zimbio.com,Male,110.57.232.117
911,Frances,Brown,fbrownpa@wikipedia.org,Female,28.184.38.57
912,Ruby,Torres,rtorrespb@ask.com,Female,134.206.68.30
913,Katherine,Watkins,kwatkinspc@scribd.com,Female,203.242.164.255
914,Christina,Lewis,clewispd@bbc.co.uk,Female,241.248.98.50
915,Matthew,Parker,mparkerpe@google.pl,Male,95.29.76.171
916,Karen,Davis,kdavispf@blogs.com,Female,128.66.191.239
917,Eugene,Stone,estonepg@marriott.com,Male,76.179.117.88
918,David,Miller,dmillerph@samsung.com,Male,152.36.254.188
919,Kathryn,Rivera,kriverapi@dropbox.com,Female,64.101.187.203
920,Jane,Kelley,jkelleypj@about.com,Female,231.254.12.116
921,Russell,Hart,rhartpk@jalbum.net,Male,131.45.18.136
922,Richard,Howell,rhowellpl@addtoany.com,Male,226.232.223.203
923,Raymond,West,rwestpm@usnews.com,Male,15.142.44.155
924,Diane,Gray,dgraypn@t.co,Female,139.216.133.255
925,Harold,Smith,hsmithpo@mashable.com,Male,79.152.52.164
926,Nancy,Powell,npowellpp@hibu.com,Female,239.180.142.53
927,Sean,Austin,saustinpq@mit.edu,Male,195.166.199.119
928,Jean,Fernandez,jfernandezpr@booking.com,Female,226.239.252.119
929,Cheryl,Castillo,ccastillops@netscape.com,Female,15.176.102.147
930,Anna,Gordon,agordonpt@mayoclinic.com,Female,198.165.9.81
931,Evelyn,Roberts,erobertspu@economist.com,Female,55.227.56.72
932,Denise,Dean,ddeanpv@boston.com,Female,124.236.241.235
933,Russell,Collins,rcollinspw@dailymail.co.uk,Male,39.100.58.65
934,Donald,Green,dgreenpx@netlog.com,Male,200.223.175.46
935,Juan,Williamson,jwilliamsonpy@squarespace.com,Male,139.51.61.70
936,Eugene,Kelly,ekellypz@webs.com,Male,88.242.217.56
937,Jessica,Perry,jperryq0@springer.com,Female,17.82.200.7
938,Jerry,George,jgeorgeq1@epa.gov,Male,139.2.132.149
939,Walter,Collins,wcollinsq2@pbs.org,Male,53.81.36.30
940,Scott,Harvey,sharveyq3@cocolog-nifty.com,Male,179.190.142.133
941,Julia,Lopez,jlopezq4@theatlantic.com,Female,56.34.100.74
942,Joseph,Hill,jhillq5@free.fr,Male,56.103.193.183
943,Michelle,Coleman,mcolemanq6@mashable.com,Female,21.8.21.191
944,Robert,Medina,rmedinaq7@plala.or.jp,Male,223.8.219.110
945,Carol,Nguyen,cnguyenq8@sbwire.com,Female,146.98.213.150
946,Jimmy,Sanders,jsandersq9@sakura.ne.jp,Male,152.27.145.192
947,Timothy,Cunningham,tcunninghamqa@jiathis.com,Male,17.106.164.184
948,Ruth,Duncan,rduncanqb@mayoclinic.com,Female,199.117.146.99
949,Steven,Jones,sjonesqc@hugedomains.com,Male,24.121.52.186
950,Jessica,Dunn,jdunnqd@chicagotribune.com,Female,34.174.162.191
951,Roger,Hall,rhallqe@google.com.hk,Male,142.35.250.64
952,Charles,Howard,chowardqf@github.com,Male,125.94.109.31
953,Jacqueline,Torres,jtorresqg@twitpic.com,Female,47.247.161.252
954,Norma,Ross,nrossqh@army.mil,Female,99.232.140.68
955,Patricia,Butler,pbutlerqi@omniture.com,Female,89.208.35.229
956,Frances,Patterson,fpattersonqj@cocolog-nifty.com,Female,63.53.160.222
957,Fred,Hernandez,fhernandezqk@dropbox.com,Male,205.246.220.30
958,Helen,Ellis,hellisql@squidoo.com,Female,224.62.32.133
959,George,Bryant,gbryantqm@blogger.com,Male,234.127.255.110
960,Norma,Bishop,nbishopqn@blog.com,Female,181.121.107.243
961,Maria,Garcia,mgarciaqo@typepad.com,Female,192.254.159.246
962,Julie,Stevens,jstevensqp@clickbank.net,Female,150.103.134.202
963,Tina,Kennedy,tkennedyqq@amazon.co.jp,Female,169.24.44.243
964,Janice,Rodriguez,jrodriguezqr@thetimes.co.uk,Female,174.3.225.40
965,Kathleen,Cooper,kcooperqs@eepurl.com,Female,67.106.1.151
966,Roy,Cole,rcoleqt@arstechnica.com,Male,40.212.174.149
967,Wayne,Adams,wadamsqu@edublogs.org,Male,39.132.52.31
968,Annie,Collins,acollinsqv@webmd.com,Female,149.136.195.125
969,Peter,Stephens,pstephensqw@qq.com,Male,125.123.83.41
970,Kathleen,Freeman,kfreemanqx@rambler.ru,Female,93.47.132.212
971,Charles,Lopez,clopezqy@chron.com,Male,232.45.178.155
972,Anne,Ramirez,aramirezqz@sbwire.com,Female,89.187.50.104
973,Jeremy,Cooper,jcooperr0@tamu.edu,Male,48.135.60.78
974,Anne,Wilson,awilsonr1@kickstarter.com,Female,165.236.100.72
975,Lisa,Hart,lhartr2@sciencedirect.com,Female,69.118.183.22
976,Frank,Harvey,fharveyr3@cnet.com,Male,11.252.25.71
977,Jack,Lane,jlaner4@home.pl,Male,89.181.240.110
978,Jennifer,Barnes,jbarnesr5@usnews.com,Female,117.249.71.15
979,Matthew,Dunn,mdunnr6@creativecommons.org,Male,40.56.108.177
980,Donald,Morales,dmoralesr7@moonfruit.com,Male,69.74.242.110
981,Kimberly,King,kkingr8@nymag.com,Female,146.237.60.82
982,George,Jenkins,gjenkinsr9@weather.com,Male,22.215.241.126
983,Jason,Wood,jwoodra@nps.gov,Male,65.204.117.176
984,Margaret,Day,mdayrb@flavors.me,Female,108.85.170.246
985,Paul,Porter,pporterrc@msn.com,Male,206.53.104.219
986,Mildred,Harvey,mharveyrd@microsoft.com,Female,60.71.98.196
987,Amy,Stanley,astanleyre@cbslocal.com,Female,40.115.236.151
988,Diane,Bennett,dbennettrf@google.co.jp,Female,148.94.172.138
989,Philip,Carpenter,pcarpenterrg@fc2.com,Male,238.209.63.229
990,Kathy,Alvarez,kalvarezrh@barnesandnoble.com,Female,126.229.157.193
991,Lillian,Hudson,lhudsonri@kickstarter.com,Female,113.4.167.242
992,Sean,Wheeler,swheelerrj@goo.gl,Male,80.29.108.214
993,Norma,Bryant,nbryantrk@blog.com,Female,34.9.222.169
994,Louise,Wallace,lwallacerl@arstechnica.com,Female,225.32.244.74
995,Johnny,Collins,jcollinsrm@wp.com,Male,163.170.54.89
996,Clarence,Washington,cwashingtonrn@alibaba.com,Male,46.174.2.66
997,Tina,Holmes,tholmesro@soup.io,Female,0.133.105.244
998,Judy,Stephens,jstephensrp@hubpages.com,Female,99.191.173.118
999,Alice,Andrews,aandrewsrq@wordpress.org,Female,64.200.222.213
1000,Timothy,Meyer,tmeyerrr@goo.gl,Male,101.35.29.160
